index,key
音樂,彈奏吉他
音樂,創作音樂
音樂,音樂愛好者
音樂,吉他
音樂,鋼琴
音樂,音樂家
運動,運動愛好者
運動,冒險和探索
運動,登山
運動,攀岩
運動,健身
運動,瑜珈
運動,咖啡
運動,健身
運動,運動科學家
文學,閱讀和了解不同文化背景的故事
文學,科幻小說
資訊,科技
資訊,軟體工程師
資訊,應用程式開發
資訊,程式設計師
資訊,問題解決
資訊,數據分析
資訊,SEO
資訊,網路行銷專家
資訊,社交媒體行銷
軟技能,交流和建立連結
軟技能,挑戰傳統
軟技能,創業
軟技能,社會變革
軟技能,分享笑容和快樂
軟技能,尊重和包容每一個人
軟技能,心理諮詢
軟技能,關愛和支持
軟技能,創造正能量和愛
軟技能,啟發他人
軟技能,共同創建更美好的未來
飲食,廚藝愛好者
飲食,美食
飲食,烹飪
社群,社區建設
社群,志願服務
社群,社區服務和慈善活動
設計,設計師
設計,平面設計
設計,插畫
戶外活動,自然愛好者
戶外活動,戶外運動
戶外活動,溯溪
戶外活動,爬山
戶外活動,單車環島
戶外活動,單車
室內活動,學習和成長
室內活動,探索生活的各個方面
室內活動,書法
室內活動,攝影
室內活動,心理學
室內活動,人類行為
室內活動,情感
室內活動,花草